DROP TABLE IF EXISTS RoomReservation; 
DROP TABLE IF EXISTS LaptopReservation; 
DROP TABLE IF EXISTS RoomReservation; 
DROP TABLE IF EXISTS RoomAvailability; 

DROP TABLE IF EXISTS Student;  
GO

DROP TABLE IF EXISTS Room;            
DROP TABLE IF EXISTS Major;           
DROP TABLE IF EXISTS Laptop;
GO


CREATE TABLE Room(
    RoomId INT IDENTITY(1,1) PRIMARY KEY,
    RoomNumber INT NOT NULL,

    UNIQUE(RoomNumber)
)

CREATE TABLE RoomAvailability(
    RoomAvailabilityId INT IDENTITY(1,1) PRIMARY KEY,
    RoomId INT NOT NULL,
    DayOfWeek NVARCHAR(12) NOT NULL,
    OpenTime TIME NOT NULL,
    ClosedTime TIME NOT NULL

    CONSTRAINT FK_Room2 FOREIGN KEY(RoomId) REFERENCES Room(RoomId)
)
GO 

CREATE TABLE Laptop(
    LaptopId INT IDENTITY(1,1) PRIMARY KEY,
    LaptopNumber INT NOT NULL,
    LaptopMake NVARCHAR(50) NOT NULL,--Brand
    LaptopModel NVARCHAR(50) NOT NULL,--Model
    DateActivated DATETIME NOT NULL,
    DateDeactivated DATETIME NULL,
    
    UNIQUE(LaptopNumber)
)

CREATE TABLE Major(
    MajorId INT IDENTITY(1,1) PRIMARY KEY,
    [Name] NVARCHAR(100) NOT NULL
)


Create TABLE Student(
    StudentId INT IDENTITY(1,1) PRIMARY KEY,
    LastName NVARCHAR(32) NOT NULL CHECK (LEN([LastName]) >= 1),
    FirstName NVARCHAR(32) NOT NULL CHECK (LEN([FirstName]) >= 1),
    MajorId INT NULL,
    Email NVARCHAR(255) NOT NULL,
    [Password] NVARCHAR(30) NOT NULL,
    UNIQUE(Email),
    CONSTRAINT FK_Major FOREIGN KEY (MajorId) REFERENCES Major(MajorId)
)

CREATE TABLE LaptopReservation(
    LaptopReservationId INT IDENTITY(1,1) PRIMARY KEY,
    ReserveDateTime NVARCHAR(255) NOT NULL, 
    StudentId INT NULL,
    DropoffTime DATETIME NULL,
    PickupTime DATETIME NULL,
    LaptopId INT NOT NULL,
    CONSTRAINT FK_Laptop FOREIGN KEY(LaptopId) REFERENCES Laptop(LaptopId),
    CONSTRAINT FK_Student FOREIGN KEY(StudentId) REFERENCES Student(StudentId)
)

CREATE TABLE RoomReservation(
    RoomReservationId INT IDENTITY(1,1) PRIMARY KEY,
   -- ReserveDateTime NVARCHAR(255) NOT NULL, --I think it makes more sense to do it lik this instead of DateTime cause we can do '2015-2-2 10:20:20 To 2015-2-2 12:20:20'
    StartTime DATETIME NOT NULL,
    EndTime DATETIME NOT NULL,
    RoomPassword NVARCHAR(30) NOT NULL,
    RoomId INT NOT NULL,
    StudentId INT NOT NULL,
    ReservationDuration NVARCHAR(255),
    UNIQUE(StartTime, RoomId),
    CONSTRAINT FK_Room FOREIGN KEY(RoomId) REFERENCES Room(RoomId),
    CONSTRAINT FK_Student2 FOREIGN KEY(StudentId) REFERENCES Student(StudentId)
)
GO

INSERT INTO Laptop(LaptopNumber, LaptopMake, LaptopModel, DateActivated, DateDeactivated)
VALUES(1, 'Dell', 'Precision 7510', '2020-05-08 12:35:29.12', NULL),
      (2, 'Dell', 'XPS 13', '2026-4-21 7:32:32:0', NULL),
      (3, 'Dell', 'Latitude 2120', '2011-3-11 8:10:48:123', '2018-1-1 1:00:00:00'),
      (4, 'ThinkPad', 'X1', '2025-11-14 18:23:45:66', NULL),
      (5, 'HP', 'OmniBook', '2023-6-17 15:23:00:00', NULL),
      (6, 'HP', 'Spectre', '2022-8-30 13:00:00:76', '2026-4-21 20:03:00:00'),
      (7, 'Apple', 'MacBook Pro 13', '2010-02-15 09:00:00', '2015-02-15 09:00:00'),
    --AI
    (8, 'Lenovo', 'ThinkPad T410', '2010-06-12 14:30:00', '2015-06-12 14:30:00'),
    (9, 'HP', 'EliteBook 8440p', '2010-11-20 11:15:00', '2015-11-20 11:15:00'),
    (10, 'Dell', 'Latitude E6410', '2011-03-05 08:45:00', '2016-03-05 08:45:00'),
    (11, 'Apple', 'MacBook Air 11', '2011-07-19 13:20:00', '2016-07-19 13:20:00'),
    (12, 'Asus', 'ZenBook UX31', '2011-12-01 10:00:00', '2016-12-01 10:00:00'),
    (13, 'Acer', 'Aspire S3', '2012-04-14 15:10:00', '2017-04-14 15:10:00'),
    (14, 'Lenovo', 'ThinkPad X1 Carbon', '2012-08-22 09:30:00', '2017-08-22 09:30:00'),
    (15, 'Dell', 'XPS 12', '2012-10-30 11:00:00', '2017-10-30 11:00:00'),
    (16, 'Microsoft', 'Surface Pro', '2013-02-09 12:00:00', '2018-02-09 12:00:00'),
    (17, 'HP', 'Spectre XT', '2013-06-15 14:45:00', '2018-06-15 14:45:00'),
    (18, 'Apple', 'MacBook Pro 15', '2013-10-22 10:30:00', '2018-10-22 10:30:00'),
    (19, 'Lenovo', 'Yoga 2 Pro', '2014-01-18 16:20:00', '2019-01-18 16:20:00'),
    (20, 'Dell', 'Precision M3800', '2014-05-12 08:15:00', '2019-05-12 08:15:00'),
    (21, 'Asus', 'ROG G750', '2014-09-05 13:00:00', '2019-09-05 13:00:00'),
    (22, 'Microsoft', 'Surface Pro 3', '2015-02-20 11:30:00', '2020-02-20 11:30:00'),
    (23, 'HP', 'Omen 15', '2015-07-14 15:00:00', '2020-07-14 15:00:00'),
    (24, 'Apple', 'MacBook 12', '2015-11-02 09:00:00', '2020-11-02 09:00:00'),
    (25, 'Dell', 'XPS 15 9550', '2016-03-10 10:45:00', '2021-03-10 10:45:00'),
    (26, 'Razer', 'Blade Stealth', '2016-08-25 14:20:00', '2021-08-25 14:20:00'),
    (27, 'Lenovo', 'ThinkPad P50', '2016-12-15 11:00:00', '2021-12-15 11:00:00'),
    (28, 'Microsoft', 'Surface Laptop', '2017-05-02 08:30:00', '2022-05-02 08:30:00'),
    (29, 'HP', 'EliteBook x360', '2017-09-18 13:15:00', '2022-09-18 13:15:00'),
    (30, 'Apple', 'MacBook Pro 13 (Touch)', '2018-01-22 10:00:00', '2023-01-22 10:00:00'),
    (31, 'Asus', 'ZenBook Pro', '2018-06-05 15:45:00', '2023-06-05 15:45:00'),
    (32, 'Dell', 'Latitude 7490', '2018-10-12 09:20:00', '2023-10-12 09:20:00'),
    (33, 'Lenovo', 'ThinkPad X1 Extreme', '2019-02-14 11:30:00', '2024-02-14 11:30:00'),
    (34, 'HP', 'Envy 13', '2019-07-20 14:10:00', '2024-07-20 14:10:00'),
    (35, 'Microsoft', 'Surface Pro 7', '2019-11-28 10:00:00', '2024-11-28 10:00:00'),
    (36, 'Apple', 'MacBook Air (M1)', '2020-11-17 09:00:00', '2025-11-17 09:00:00'),
    (37, 'Dell', 'XPS 13 9310', '2021-03-05 13:20:00', '2026-03-05 13:20:00'),
    (38, 'Lenovo', 'Legion 5 Pro', '2021-08-14 15:00:00', NULL),
    (39, 'HP', 'Spectre x360 14', '2021-12-02 11:45:00', NULL),
    (40, 'Razer', 'Blade 14', '2022-04-18 08:30:00', NULL),
    (41, 'Apple', 'MacBook Pro 14 (M1 Pro)', '2022-09-10 10:00:00', NULL),
    (42, 'Microsoft', 'Surface Laptop 5', '2023-01-15 14:20:00', NULL),
    (43, 'Dell', 'Precision 5470', '2023-05-22 11:00:00', NULL),
    (44, 'Lenovo', 'ThinkPad Z13', '2023-09-05 09:15:00', NULL),
    (45, 'Asus', 'ROG Zephyrus G14', '2023-12-18 13:00:00', NULL),
    (46, 'HP', 'Dragonfly G4', '2024-04-02 10:30:00', NULL),
    (47, 'Apple', 'MacBook Air 15 (M3)', '2024-08-12 15:00:00', NULL),
    (48, 'Dell', 'XPS 14 (2024)', '2024-11-20 08:45:00', NULL),
    (49, 'Lenovo', 'ThinkPad X1 Carbon Gen 12', '2025-02-14 11:00:00', NULL),
    (50, 'Microsoft', 'Surface Pro 10', '2025-05-05 09:30:00', NULL),
    (51, 'Apple', 'MacBook Pro 16 (M4)', '2025-10-18 14:00:00', NULL),
    (52, 'Dell', 'Latitude 9450', '2026-01-12 10:15:00', NULL),
    (53, 'HP', 'Spectre x360 16', '2026-02-28 13:45:00', NULL),
    (54, 'Asus', 'ZenBook Duo', '2026-03-15 09:00:00', NULL),
    (55, 'Lenovo', 'Yoga Slim 7x', '2026-04-10 11:30:00', NULL),
    (56, 'Razer', 'Blade 16 (2026)', '2026-04-20 15:00:00', NULL);
    --End AI

Insert INTO Major([Name])
Values('Computer Science'), 
      ('Eletrical Engineering'),
      ('Computer Engineering'),
      ('Mechanical Engineering'),
      ('Chemical Engineering'),
      ('Industrial Engineering'),
      ('Civil Engineering'),
      ('Construction Science'),
      ('Nuclear Engineering'),
      ('Boimedical Engineering');
      
INSERT INTO Room (RoomNumber) 
VALUES (101),
       (102),
       (103),
       (107),
       (108),
       (234),
       (235),
       (236),
       (237),
       (333);
INSERT INTO Student (FirstName, LastName, Email, MajorId, [Password]) 
VALUES ('Jon', 'Fuller', 'jon@ksu.edu', 1, 'JOHN');
INSERT INTO Student (FirstName, LastName, Email, MajorId, [Password]) 
Values('Maddie', 'Harp', 'maddie@ksu.edu', 1, 'HARP1234'),
      ('Isaac', 'Meisinger', 'isaac46@ksu.edu', 1, 'ISAAC1234'),
      ('Lauren', 'Palyash', 'lauren@ksu.edu', 1, 'PASSPASS'),
      ('Marshall', 'Mosier', 'marshall@ksu.edu', 5, 'CHUDCHUD'),
      ('Tobin', 'Simpkins', 'tobin@ksu.edu', 4, 'BOBERBOBER'),
      ('Michael', 'Valasques', 'michael@ksu.edu', 2, 'BIGMIKE12'),
      --AI
      ('Pa', 'Trice', 'pa@ksu.edu', 3, 'HELP'),('Ethan', 'Ramirez', 'ethanr@ksu.edu', 1, 'ETHAN99!'),
      ('Sophia', 'Chen', 'schen@ksu.edu', 3, 'SOPHIAPASS'),
      ('Liam', 'Oconnor', 'liamo@ksu.edu', 2, 'IRISH123'),
      ('Olivia', 'Patel', 'olivap@ksu.edu', 9, 'BIOMED01'),
      ('Noah', 'Brooks', 'nbrooks@ksu.edu', 4, 'MECH44'),
      ('Ava', 'Jenkins', 'ajenkins@ksu.edu', 5, 'CHEM_LIFE'),
      ('Mason', 'Gupta', 'mgupta@ksu.edu', 1, 'CODING7'),
      ('Isabella', 'Rossi', 'irossi@ksu.edu', 7, 'CIVIL88'),
      ('William', 'Zhao', 'wzhao@ksu.edu', 3, 'COMP_ENG'),
      ('Mia', 'Sullivan', 'msullivan@ksu.edu', 8, 'CONSTRUCT'),
      ('James', 'Fisher', 'jfisher@ksu.edu', 6, 'INDUS22'),
      ('Charlotte', 'Kim', 'ckim@ksu.edu', 1, 'KIM1234'),
      ('Benjamin', 'Hayes', 'bhayes@ksu.edu', 4, 'WILD_CAT'),
      ('Amelia', 'Wagner', 'awagner@ksu.edu', 5, 'CHEM_E'),
      ('Lucas', 'Martinez', 'lmartinez@ksu.edu', 2, 'POWER_UP'),
      ('Harper', 'Lee', 'hlee@ksu.edu', 7, 'DRAFT_ING'),
      ('Alexander', 'Dixon', 'adixon@ksu.edu', 9, 'NUCLEAR_S'),
      ('Evelyn', 'Grant', 'egrant@ksu.edu', 8, 'BUILDIT'),
      ('Daniel', 'Moore', 'dmoore@ksu.edu', 1, 'SQL_PRO'),
      ('Abigail', 'Stone', 'astone@ksu.edu', 3, 'HARDWARE'),
      ('Henry', 'Price', 'hprice@ksu.edu', 4, 'GEARS9'),
      ('Emily', 'Foster', 'efoster@ksu.edu', 5, 'BOTTLE7'),
      ('Jackson', 'Reed', 'jreed@ksu.edu', 6, 'FACTORY1'),
      ('Elizabeth', 'Kelly', 'ekelly@ksu.edu', 2, 'CIRCUIT'),
      ('Sebastian', 'Webb', 'swebb@ksu.edu', 7, 'STEEL_3'),
      ('Sofia', 'Reyes', 'sreyes@ksu.edu', 9, 'BME_FUTURE'),
      ('Matthew', 'Black', 'mblack@ksu.edu', 1, 'BITS_BYTES'),
      ('Luna', 'Woods', 'lwoods@ksu.edu', 3, 'LOGIC_L'),
      ('Jacob', 'Cole', 'jcole@ksu.edu', 4, 'TORQUE'),
      ('Chloe', 'Vance', 'cvance@ksu.edu', 8, 'SITE_VISIT');
      --End AI
INSERT INTO RoomReservation (RoomPassword, StartTime, EndTime, RoomId, StudentId, ReservationDuration)
VALUES ('Patrice', '2026-04-24 10:00:00', '2026-04-24 12:00:00', 1, 1, '2 Hours'),
      ('TestPass', '2026-04-22 13:00:00', '2026-04-22 15:00:00', 1, 2, '2 Hours'),
      --AI
      ('Pass812', '2022-01-14 09:00:00', '2022-01-14 11:00:00', 3, 4, '2 Hours'),
      ('Study77', '2022-02-05 14:30:00', '2022-02-05 15:30:00', 1, 7, '1 Hour'),
      ('Group1', '2022-03-12 10:00:00', '2022-03-12 13:00:00', 5, 2, '3 Hours'),
    ('Secure9', '2022-04-19 16:00:00', '2022-04-19 18:00:00', 9, 5, '2 Hours'),
    ('Keys01', '2022-05-22 08:30:00', '2022-05-22 10:30:00', 2, 8, '2 Hours'),
    ('Finals', '2022-05-23 12:00:00', '2022-05-23 15:00:00', 4, 1, '3 Hours'),
    ('LabTime', '2022-06-10 13:00:00', '2022-06-10 14:00:00', 7, 3, '1 Hour'),
    ('Code22', '2022-07-04 09:00:00', '2022-07-04 11:00:00', 6, 6, '2 Hours'),
    ('Coffee', '2022-08-15 11:00:00', '2022-08-15 12:30:00', 8, 4, '1.5 Hours'),
    ('Blue33', '2022-09-01 15:00:00', '2022-09-01 17:00:00', 1, 2, '2 Hours'),
    ('Red44', '2022-09-20 10:00:00', '2022-09-20 12:00:00', 3, 5, '2 Hours'),
    ('Green5', '2022-10-11 14:00:00', '2022-10-11 16:00:00', 2, 7, '2 Hours'),
    ('Swift', '2022-11-05 09:00:00', '2022-11-05 12:00:00', 4, 3, '3 Hours'),
    ('Java7', '2022-12-01 13:00:00', '2022-12-01 15:00:00', 6, 1, '2 Hours'),
    ('Winter', '2022-12-18 10:30:00', '2022-12-18 11:30:00', 5, 8, '1 Hour'),
    ('New23', '2023-01-10 14:00:00', '2023-01-10 16:00:00', 9, 6, '2 Hours'),
    ('Beta1', '2023-02-14 09:00:00', '2023-02-14 11:00:00', 1, 4, '2 Hours'),
    ('Alpha2', '2023-03-22 13:00:00', '2023-03-22 15:00:00', 8, 2, '2 Hours'),
    ('Delta3', '2023-04-05 10:00:00', '2023-04-05 12:00:00', 7, 5, '2 Hours'),
    ('Epsilon', '2023-05-12 15:00:00', '2023-05-12 18:00:00', 3, 1, '3 Hours'),
    ('Gamma', '2023-06-20 08:00:00', '2023-06-20 10:00:00', 2, 3, '2 Hours'),
    ('Zeta', '2023-07-11 14:00:00', '2023-07-11 15:30:00', 4, 7, '1.5 Hours'),
    ('Theta', '2023-08-01 09:00:00', '2023-08-01 11:00:00', 6, 8, '2 Hours'),
    ('Iota', '2023-09-14 13:00:00', '2023-09-14 15:00:00', 5, 6, '2 Hours'),
    ('Kappa', '2023-10-25 10:00:00', '2023-10-25 12:00:00', 1, 4, '2 Hours'),
    ('Lambda', '2023-11-09 16:00:00', '2023-11-09 18:00:00', 9, 2, '2 Hours'),
    ('Mu2023', '2023-12-05 08:30:00', '2023-12-05 10:30:00', 8, 5, '2 Hours'),
    ('Nu2024', '2024-01-15 14:00:00', '2024-01-15 16:00:00', 3, 1, '2 Hours'),
    ('Xi2024', '2024-02-20 10:00:00', '2024-02-20 12:00:00', 7, 3, '2 Hours'),
    ('Omicron', '2024-03-12 13:00:00', '2024-03-12 15:00:00', 2, 7, '2 Hours'),
    ('Pi2024', '2024-04-18 09:00:00', '2024-04-18 11:00:00', 4, 8, '2 Hours'),
    ('Rho', '2024-05-22 15:00:00', '2024-05-22 17:00:00', 6, 6, '2 Hours'),
    ('Sigma', '2024-06-30 11:00:00', '2024-06-30 13:00:00', 5, 4, '2 Hours'),
    ('Tau', '2024-07-15 14:00:00', '2024-07-15 16:00:00', 1, 2, '2 Hours'),
    ('Upsilon', '2024-08-10 10:00:00', '2024-08-10 12:00:00', 9, 5, '2 Hours'),
    ('Phi', '2024-09-05 13:00:00', '2024-09-05 15:00:00', 8, 1, '2 Hours'),
    ('Chi', '2024-10-12 09:00:00', '2024-10-12 11:00:00', 3, 3, '2 Hours'),
    ('Psi', '2024-11-20 16:00:00', '2024-11-20 18:00:00', 7, 7, '2 Hours'),
    ('Omega', '2024-12-15 14:00:00', '2024-12-15 16:00:00', 2, 8, '2 Hours'),
    ('Star', '2025-01-10 10:00:00', '2025-01-10 12:00:00', 4, 6, '2 Hours'),
    ('Moon', '2025-02-05 13:00:00', '2025-02-05 15:00:00', 6, 4, '2 Hours'),
    ('Sun', '2025-03-22 09:00:00', '2025-03-22 11:00:00', 5, 2, '2 Hours'),
    ('Earth', '2025-04-14 11:00:00', '2025-04-14 13:00:00', 1, 5, '2 Hours'),
    ('Mars', '2025-05-19 14:00:00', '2025-05-19 16:00:00', 9, 1, '2 Hours'),
    ('Jupiter', '2025-06-25 10:00:00', '2025-06-25 12:00:00', 8, 3, '2 Hours'),
    ('Saturn', '2025-07-12 13:00:00', '2025-07-12 15:00:00', 3, 7, '2 Hours'),
    ('Uranus', '2025-08-01 09:00:00', '2025-08-01 11:00:00', 7, 8, '2 Hours'),
    ('Neptune', '2025-09-14 16:00:00', '2025-09-14 18:00:00', 2, 6, '2 Hours'),
    ('Pluto', '2025-10-22 14:00:00', '2025-10-22 16:00:00', 4, 4, '2 Hours'),
    ('Orion', '2025-11-05 10:00:00', '2025-11-05 12:00:00', 6, 2, '2 Hours'),
    ('Vega', '2025-12-10 13:00:00', '2025-12-10 15:00:00', 5, 5, '2 Hours'),
    ('Sirius', '2026-01-05 09:00:00', '2026-01-05 11:00:00', 1, 1, '2 Hours'),
    ('Altair', '2026-01-20 11:00:00', '2026-01-20 13:00:00', 9, 3, '2 Hours'),
    ('Rigel', '2026-02-12 14:00:00', '2026-02-12 16:00:00', 8, 7, '2 Hours'),
    ('Deneb', '2026-02-28 10:00:00', '2026-02-28 12:00:00', 3, 8, '2 Hours'),
    ('Castor', '2026-03-15 13:00:00', '2026-03-15 15:00:00', 7, 6, '2 Hours'),
    ('Pollux', '2026-03-25 09:00:00', '2026-03-25 11:00:00', 2, 4, '2 Hours'),
    ('Spica', '2026-04-05 16:00:00', '2026-04-05 18:00:00', 4, 2, '2 Hours'),
    ('Antares', '2026-04-10 14:00:00', '2026-04-10 16:00:00', 6, 5, '2 Hours'),
    ('Regulus', '2026-04-15 10:00:00', '2026-04-15 12:00:00', 5, 1, '2 Hours'),
    ('Aries', '2022-01-20 13:00:00', '2022-01-20 15:00:00', 1, 3, '2 Hours'),
    ('Taurus', '2022-02-10 09:00:00', '2022-02-10 11:00:00', 9, 7, '2 Hours'),
    ('Gemini', '2022-03-05 16:00:00', '2022-03-05 18:00:00', 8, 8, '2 Hours'),
    ('Cancer', '2022-04-12 14:00:00', '2022-04-12 16:00:00', 3, 6, '2 Hours'),
    ('Leo', '2022-05-18 10:00:00', '2022-05-18 12:00:00', 7, 4, '2 Hours'),
    ('Virgo', '2022-06-25 13:00:00', '2022-06-25 15:00:00', 2, 2, '2 Hours'),
    ('Libra', '2022-07-14 09:00:00', '2022-07-14 11:00:00', 4, 5, '2 Hours'),
    ('Scorpio', '2022-08-01 16:00:00', '2022-08-01 18:00:00', 6, 1, '2 Hours'),
    ('Sagi', '2022-09-10 14:00:00', '2022-09-10 16:00:00', 5, 3, '2 Hours'),
    ('Capri', '2022-10-15 10:00:00', '2022-10-15 12:00:00', 1, 7, '2 Hours'),
    ('Aqua', '2022-11-20 13:00:00', '2022-11-20 15:00:00', 9, 8, '2 Hours'),
    ('Pisces', '2022-12-05 09:00:00', '2022-12-05 11:00:00', 8, 6, '2 Hours'),
    ('Swift22', '2023-01-12 16:00:00', '2023-01-12 18:00:00', 3, 4, '2 Hours'),
    ('Python23', '2023-02-28 14:00:00', '2023-02-28 16:00:00', 7, 2, '2 Hours'),
    ('Ruby23', '2023-03-15 10:00:00', '2023-03-15 12:00:00', 2, 5, '2 Hours'),
    ('Csharp', '2023-04-10 13:00:00', '2023-04-10 15:00:00', 4, 1, '2 Hours'),
    ('Rust', '2023-05-22 09:00:00', '2023-05-22 11:00:00', 6, 3, '2 Hours'),
    ('Kotlin', '2023-06-18 16:00:00', '2023-06-18 18:00:00', 5, 7, '2 Hours'),
    ('Scala', '2023-07-25 14:00:00', '2023-07-25 16:00:00', 1, 8, '2 Hours'),
    ('Go23', '2023-08-30 10:00:00', '2023-08-30 12:00:00', 9, 6, '2 Hours'),
    ('Pascal', '2023-09-12 13:00:00', '2023-09-12 15:00:00', 8, 4, '2 Hours'),
    ('Fortran', '2023-10-05 09:00:00', '2023-10-05 11:00:00', 3, 2, '2 Hours'),
    ('Cobol', '2023-11-18 16:00:00', '2023-11-18 18:00:00', 7, 5, '2 Hours'),
    ('Lisp', '2023-12-22 14:00:00', '2023-12-22 16:00:00', 2, 1, '2 Hours'),
    ('Haskell', '2024-01-10 10:00:00', '2024-01-10 12:00:00', 4, 3, '2 Hours'),
    ('Prolog', '2024-02-14 13:00:00', '2024-02-14 15:00:00', 6, 7, '2 Hours'),
    ('Erlang', '2024-03-25 09:00:00', '2024-03-25 11:00:00', 5, 8, '2 Hours'),
    ('Clojure', '2024-04-12 16:00:00', '2024-04-12 18:00:00', 1, 6, '2 Hours'),
    ('Elixir', '2024-05-05 14:00:00', '2024-05-05 16:00:00', 9, 4, '2 Hours'),
    ('Fsharp', '2024-06-15 10:00:00', '2024-06-15 12:00:00', 8, 2, '2 Hours'),
    ('Dart', '2024-07-22 13:00:00', '2024-07-22 15:00:00', 3, 5, '2 Hours'),
    ('Julia', '2024-08-30 09:00:00', '2024-08-30 11:00:00', 7, 1, '2 Hours'),
    ('Lua', '2024-09-18 16:00:00', '2024-09-18 18:00:00', 2, 3, '2 Hours'),
    ('Perl', '2024-10-10 14:00:00', '2024-10-10 16:00:00', 4, 7, '2 Hours'),
    ('Bash', '2024-11-25 10:00:00', '2024-11-25 12:00:00', 6, 8, '2 Hours'),
    ('Assembly', '2024-12-12 13:00:00', '2024-12-12 15:00:00', 5, 6, '2 Hours'),
    ('Solidity', '2025-01-08 09:00:00', '2025-01-08 11:00:00', 1, 4, '2 Hours'),
    ('TypeScript', '2025-02-14 16:00:00', '2025-02-14 18:00:00', 9, 2, '2 Hours'),
    ('JavaScript', '2025-03-10 14:00:00', '2025-03-10 16:00:00', 8, 5, '2 Hours'),
    ('SQL2026', '2026-04-24 08:00:00', '2026-04-24 10:00:00', 2, 1, '2 Hours');
    --End AI
INSERT INTO LaptopReservation(ReserveDateTime, StudentId, DropoffTime, PickupTime, LaptopId)
VALUES ('BLEH BLEH', 4, '2026-4-24 10:20:00:00', '2026-4-24 12:20:00:00', 1),
    --AI
    ('Web Portal', 1, '2022-01-15 14:00:00', '2022-01-15 10:00:00', 28),
    ('Mobile App', 2, '2022-02-10 16:30:00', '2022-02-10 12:30:00', 29),
    ('Walk-in', 3, '2022-03-05 12:00:00', '2022-03-05 08:00:00', 30),
    ('Web Portal', 4, '2022-04-12 17:00:00', '2022-04-12 13:00:00', 31),
    ('Admin Console', 5, '2022-05-20 15:00:00', '2022-05-20 09:00:00', 32),
    ('Web Portal', 6, '2022-06-18 11:00:00', '2022-06-18 08:00:00', 33),
    ('Mobile App', 7, '2022-07-22 18:00:00', '2022-07-22 14:00:00', 34),
    ('Walk-in', 8, '2022-08-30 13:00:00', '2022-08-30 10:00:00', 35),
    ('Web Portal', 1, '2022-09-14 15:30:00', '2022-09-14 11:30:00', 36),
    ('Mobile App', 2, '2022-10-05 16:00:00', '2022-10-05 12:00:00', 37),
    ('Web Portal', 3, '2022-11-12 14:00:00', '2022-11-12 10:00:00', 38),
    ('Walk-in', 4, '2022-12-20 12:00:00', '2022-12-20 08:00:00', 39),
    ('Web Portal', 5, '2023-01-10 17:00:00', '2023-01-10 13:00:00', 40),
    ('Mobile App', 6, '2023-02-14 15:00:00', '2023-02-14 11:00:00', 41),
    ('Admin Console', 7, '2023-03-22 13:00:00', '2023-03-22 09:00:00', 42),
    ('Web Portal', 8, '2023-04-18 18:00:00', '2023-04-18 14:00:00', 43),
    ('Mobile App', 1, '2023-05-30 12:00:00', '2023-05-30 08:00:00', 44),
    ('Walk-in', 2, '2023-06-15 16:30:00', '2023-06-15 12:30:00', 45),
    ('Web Portal', 3, '2023-07-04 11:00:00', '2023-07-04 09:00:00', 28),
    ('Mobile App', 4, '2023-08-12 15:30:00', '2023-08-12 11:30:00', 29),
    ('Web Portal', 5, '2023-09-25 17:00:00', '2023-09-25 13:00:00', 30),
    ('Walk-in', 6, '2023-10-31 13:00:00', '2023-10-31 10:00:00', 31),
    ('Mobile App', 7, '2023-11-20 14:00:00', '2023-11-20 10:00:00', 32),
    ('Web Portal', 8, '2023-12-15 12:00:00', '2023-12-15 08:00:00', 33),
    ('Mobile App', 1, '2024-01-10 16:00:00', '2024-01-10 12:00:00', 34),
    ('Web Portal', 2, '2024-02-28 15:00:00', '2024-02-28 11:00:00', 35),
    ('Walk-in', 3, '2024-03-15 18:00:00', '2024-03-15 14:00:00', 36),
    ('Admin Console', 4, '2024-04-20 13:00:00', '2024-04-20 09:00:00', 37),
    ('Web Portal', 5, '2024-05-12 17:00:00', '2024-05-12 13:00:00', 38),
    ('Mobile App', 6, '2024-06-30 12:00:00', '2024-06-30 08:00:00', 39),
    ('Web Portal', 7, '2024-07-15 16:30:00', '2024-07-15 12:30:00', 40),
    ('Walk-in', 8, '2024-08-10 11:00:00', '2024-08-10 09:00:00', 41),
    ('Mobile App', 1, '2024-09-05 15:30:00', '2024-09-05 11:30:00', 42),
    ('Web Portal', 2, '2024-10-12 17:00:00', '2024-10-12 13:00:00', 43),
    ('Walk-in', 3, '2024-11-20 14:00:00', '2024-11-20 10:00:00', 44),
    ('Mobile App', 4, '2024-12-15 12:00:00', '2024-12-15 08:00:00', 45),
    ('Web Portal', 5, '2025-01-05 16:00:00', '2025-01-05 12:00:00', 46),
    ('Mobile App', 6, '2025-02-14 15:00:00', '2025-02-14 11:00:00', 47),
    ('Walk-in', 7, '2025-03-25 18:00:00', '2025-03-25 14:00:00', 48),
    ('Web Portal', 8, '2025-04-10 13:00:00', '2025-04-10 09:00:00', 49),
    ('Admin Console', 1, '2025-05-12 17:00:00', '2025-05-12 13:00:00', 50),
    ('Web Portal', 2, '2025-06-20 12:00:00', '2025-06-20 08:00:00', 51),
    ('Mobile App', 3, '2025-07-14 16:30:00', '2025-07-14 12:30:00', 52),
    ('Walk-in', 4, '2025-08-30 11:00:00', '2025-08-30 09:00:00', 53),
    ('Web Portal', 5, '2025-09-18 15:30:00', '2025-09-18 11:30:00', 54),
    ('Mobile App', 6, '2025-10-10 17:00:00', '2025-10-10 13:00:00', 55),
    ('Walk-in', 7, '2025-11-25 14:00:00', '2025-11-25 10:00:00', 56),
    ('Web Portal', 8, '2025-12-12 12:00:00', '2025-12-12 08:00:00', 28),
    ('Mobile App', 1, '2026-01-08 16:00:00', '2026-01-08 12:00:00', 29),
    ('Walk-in', 2, '2026-02-14 15:00:00', '2026-02-14 11:00:00', 30),
    ('Web Portal', 3, '2026-03-10 18:00:00', '2026-03-10 14:00:00', 31),
    ('Mobile App', 4, '2026-04-20 13:00:00', '2026-04-20 09:00:00', 32),
    ('Walk-in', 5, '2022-01-20 16:00:00', '2022-01-20 12:00:00', 33),
    ('Web Portal', 6, '2022-02-15 15:00:00', '2022-02-15 11:00:00', 34),
    ('Mobile App', 7, '2022-03-10 18:00:00', '2022-03-10 14:00:00', 35),
    ('Walk-in', 8, '2022-04-05 13:00:00', '2022-04-05 09:00:00', 36),
    ('Admin Console', 1, '2022-05-12 17:00:00', '2022-05-12 13:00:00', 37),
    ('Web Portal', 2, '2022-06-25 12:00:00', '2022-06-25 08:00:00', 38),
    ('Mobile App', 3, '2022-07-14 16:30:00', '2022-07-14 12:30:00', 39),
    ('Walk-in', 4, '2022-08-01 11:00:00', '2022-08-01 09:00:00', 40),
    ('Web Portal', 5, '2022-09-10 15:30:00', '2022-09-10 11:30:00', 41),
    ('Mobile App', 6, '2022-10-15 17:00:00', '2022-10-15 13:00:00', 42),
    ('Walk-in', 7, '2022-11-20 14:00:00', '2022-11-20 10:00:00', 43),
    ('Web Portal', 8, '2022-12-05 12:00:00', '2022-12-05 08:00:00', 44),
    ('Mobile App', 1, '2023-01-12 16:00:00', '2023-01-12 12:00:00', 45),
    ('Walk-in', 2, '2023-02-28 15:00:00', '2023-02-28 11:00:00', 46),
    ('Web Portal', 3, '2023-03-15 18:00:00', '2023-03-15 14:00:00', 47),
    ('Mobile App', 4, '2023-04-10 13:00:00', '2023-04-10 09:00:00', 48),
    ('Walk-in', 5, '2023-05-22 17:00:00', '2023-05-22 13:00:00', 49),
    ('Web Portal', 6, '2023-06-18 12:00:00', '2023-06-18 08:00:00', 50),
    ('Mobile App', 7, '2023-07-25 16:30:00', '2023-07-25 12:30:00', 51),
    ('Walk-in', 8, '2023-08-30 11:00:00', '2023-08-30 09:00:00', 52),
    ('Web Portal', 1, '2023-09-12 15:30:00', '2023-09-12 11:30:00', 53),
    ('Mobile App', 2, '2023-10-05 17:00:00', '2023-10-05 13:00:00', 54),
    ('Walk-in', 3, '2023-11-18 14:00:00', '2023-11-18 10:00:00', 55),
    ('Web Portal', 4, '2023-12-22 12:00:00', '2023-12-22 08:00:00', 56),
    ('Mobile App', 5, '2024-01-10 16:00:00', '2024-01-10 12:00:00', 28),
    ('Walk-in', 6, '2024-02-14 15:00:00', '2024-02-14 11:00:00', 29),
    ('Web Portal', 7, '2024-03-25 18:00:00', '2024-03-25 14:00:00', 30),
    ('Mobile App', 8, '2024-04-12 13:00:00', '2024-04-12 09:00:00', 31),
    ('Walk-in', 1, '2024-05-05 17:00:00', '2024-05-05 13:00:00', 32),
    ('Web Portal', 2, '2024-06-15 12:00:00', '2024-06-15 08:00:00', 33),
    ('Mobile App', 3, '2024-07-22 16:30:00', '2024-07-22 12:30:00', 34),
    ('Walk-in', 4, '2024-08-30 11:00:00', '2024-08-30 09:00:00', 35),
    ('Web Portal', 5, '2024-09-18 15:30:00', '2024-09-18 11:30:00', 36),
    ('Mobile App', 6, '2024-10-10 17:00:00', '2024-10-10 13:00:00', 37),
    ('Walk-in', 7, '2024-11-25 14:00:00', '2024-11-25 10:00:00', 38),
    ('Web Portal', 8, '2024-12-12 12:00:00', '2024-12-12 08:00:00', 39),
    ('Mobile App', 1, '2025-01-08 16:00:00', '2025-01-08 12:00:00', 40),
    ('Walk-in', 2, '2025-02-14 15:00:00', '2025-02-14 11:00:00', 41),
    ('Web Portal', 3, '2025-03-10 18:00:00', '2025-03-10 14:00:00', 42),
    ('Mobile App', 4, '2025-04-20 13:00:00', '2025-04-20 09:00:00', 43),
    ('Walk-in', 5, '2025-05-12 17:00:00', '2025-05-12 13:00:00', 44),
    ('Web Portal', 6, '2025-06-25 12:00:00', '2025-06-25 08:00:00', 45),
    ('Mobile App', 7, '2025-07-14 16:30:00', '2025-07-14 12:30:00', 46),
    ('Walk-in', 8, '2025-08-30 11:00:00', '2025-08-30 09:00:00', 47),
    ('Web Portal', 1, '2025-09-18 15:30:00', '2025-09-18 11:30:00', 48),
    ('Mobile App', 2, '2025-10-10 17:00:00', '2025-10-10 13:00:00', 49),
    ('Walk-in', 3, '2025-11-25 14:00:00', '2025-11-25 10:00:00', 50),
    ('Web Portal', 4, '2026-04-24 13:00:00', '2026-04-24 09:00:00', 51);
    --End AI

INSERT INTO RoomAvailability(RoomId, DayOfWeek, OpenTime, ClosedTime)
VALUES(1, 'Monday', '8:00:00', '20:00:00'),
      (1, 'Tuesday', '8:00:00', '20:00:00'),
      (1, 'Wednesday', '8:00:00', '20:00:00'),
      (1, 'Thursday', '8:00:00', '20:00:00'),
      (1, 'Friday', '8:00:00', '17:00:00'),
      (2, 'Monday', '8:00:00', '20:00:00'),
      (2, 'Tuesday', '8:00:00', '20:00:00'),
      (2, 'Wednesday', '8:00:00', '20:00:00'),
      (2, 'Thursday', '8:00:00', '20:00:00'),
      (2, 'Friday', '8:00:00', '17:00:00'),
      (3, 'Monday', '8:00:00', '20:00:00'),
      (3, 'Tuesday', '8:00:00', '20:00:00'),
      (3, 'Wednesday', '8:00:00', '20:00:00'),
      (3, 'Thursday', '8:00:00', '20:00:00'),
      (3, 'Friday', '8:00:00', '17:00:00'),
      (4, 'Monday', '8:00:00', '20:00:00'),
      (4, 'Tuesday', '8:00:00', '20:00:00'),
      (4, 'Wednesday', '8:00:00', '20:00:00'),
      (4, 'Thursday', '8:00:00', '20:00:00'),
      (4, 'Friday', '8:00:00', '17:00:00'),
      (5, 'Monday', '8:00:00', '20:00:00'),
      (5, 'Tuesday', '8:00:00', '20:00:00'),
      (5, 'Wednesday', '8:00:00', '20:00:00'),
      (5, 'Thursday', '8:00:00', '20:00:00'),
      (5, 'Friday', '9:00:00', '19:00:00'),
      (6, 'Monday', '8:00:00', '20:00:00'),
      (6, 'Tuesday', '8:00:00', '20:00:00'),
      (6, 'Wednesday', '8:00:00', '20:00:00'),
      (6, 'Thursday', '8:00:00', '20:00:00'),
      (6, 'Friday', '8:00:00', '17:00:00'),
      (7, 'Monday', '8:00:00', '20:00:00'),
      (7, 'Tuesday', '8:00:00', '20:00:00'),
      (7, 'Wednesday', '8:00:00', '20:00:00'),
      (7, 'Thursday', '8:00:00', '20:00:00'),
      (7, 'Friday', '8:00:00', '17:00:00'),
      (8, 'Monday', '8:00:00', '20:00:00'),
      (8, 'Tuesday', '8:00:00', '20:00:00'),
      (8, 'Wednesday', '8:00:00', '20:00:00'),
      (8, 'Thursday', '8:00:00', '20:00:00'),
      (8, 'Friday', '8:00:00', '17:00:00'),
      (9, 'Monday', '8:00:00', '20:00:00'),
      (9, 'Tuesday', '8:00:00', '20:00:00'),
      (9, 'Wednesday', '8:00:00', '20:00:00'),
      (9, 'Thursday', '8:00:00', '20:00:00'),
      (9, 'Friday', '8:00:00', '12:00:00'),
      (10, 'Monday', '8:00:00', '16:00:00'),
      (10, 'Tuesday', '8:00:00', '16:00:00'),
      (10, 'Wednesday', '8:00:00', '16:00:00'),
      (10, 'Thursday', '8:00:00', '16:00:00'),
      (10, 'Friday', '8:00:00', '12:00:00');
SELECT * FROM RoomReservation;
SELECT * FROM Student;
SELECT * FROM Laptop;
SELECT * FROM ROOM;
SELECT * FROM LaptopReservation;
SELECT * FROM RoomAvailability;

GO
